frameworks,
angular,
aurelia,
backbone.js,
bootstrap,
bulma,
cakephp,
cherrypy,
django,
docker,
ember.js,
express,
fastapi,
feathers.js,
flask,
gatsby.js,
google cloud platform,
grails,
hapi.js,
hugo,
ibm cloud,
ionic,
jest,
jquery,
koa,
laravel,
loopback,
meteor,
nestjs,
next.js,
nuxt.js,
openstack,
phoenix,
polymer,
pyramid,
quasar,
react.js,
redux,
restify,
ruby on rails,
sails.js,
sanic,
serverless,
sinatra,
socket.io,
strapi,
styled-components,
symfony,
thunderbird,
tornado,
turboGears,
uwsgi,
vaadin,
vue.js,
vuex,
wxWidgets,
yarn,
yesod,
zepto